<?xml version="1.0" encoding="utf-8"?>
<eml:eml xmlns:eml="eml://ecoinformatics.org/eml-2.1.1" xmlns:xsi="http://www.w3.org/2001/XMLSchema-instance"
         xsi:schemaLocation="eml://ecoinformatics.org/eml-2.1.1 http://rs.gbif.org/schema/eml-gbif-profile/1.1/eml.xsd"
        packageId="10.15468/dl.yyyhyn"  system="http://gbif.org" scope="system"
  xml:lang="en">

<dataset>
        <alternateIdentifier>0074675-160910150852091</alternateIdentifier>
    <title>GBIF Occurrence Download 10.15468/dl.yyyhyn</title>
    <creator>
    <individualName>
        <surName>GBIF Download Service</surName>
    </individualName>
<electronicMailAddress>support@gbif.org</electronicMailAddress>    </creator>
    <metadataProvider>
    <individualName>
        <surName>GBIF Download Service</surName>
    </individualName>
<electronicMailAddress>support@gbif.org</electronicMailAddress>    </metadataProvider>
    <associatedParty>
    <individualName>
<givenName>Richard</givenName>        <surName>Hulbert</surName>
    </individualName>
<organizationName>Florida Museum of Natural History</organizationName><positionName>Collection Manager</positionName>    <address>
<deliveryPoint>1659 Museum Rd</deliveryPoint><city>Gainesville</city><administrativeArea>Florida</administrativeArea><postalCode>32611</postalCode>    </address>
<electronicMailAddress>rhulbert@flmnh.ufl.edu</electronicMailAddress>    <role>CONTENT_PROVIDER</role>
    </associatedParty>
      <pubDate>
      2017-03-28
      </pubDate>
    <language>ENGLISH</language>
    <abstract>
        <para>A dataset containing all occurrences available in GBIF matching the query:
TaxonKey: Equus ferus Boddaert, 1785 
HasGeospatialIssue: false 
HasCoordinate: true 
BasisOfRecord: Fossil
The dataset includes records from the following constituent datasets. The full metadata for each constituent is also included in this archive:
1 records from Paleobiology Database
1204 records from University of Florida Vertebrate Paleontology
</para>
    </abstract>
      <contact>
    <individualName>
        <surName>GBIF Download Service</surName>
    </individualName>
<electronicMailAddress>support@gbif.org</electronicMailAddress>      </contact>

</dataset>

<additionalMetadata>
    <metadata>
      <gbif>
        <dateStamp>2017-03-28T15:14:50Z</dateStamp>
      <citation identifier="10.15468/dl.yyyhyn">GBIF Occurrence Download 10.15468/dl.yyyhyn</citation>
              <physical>
                  <objectName></objectName>
                  <characterEncoding>UTF-8</characterEncoding>
                  <dataFormat>
                      <externallyDefinedFormat>
                          <formatName>Darwin Core Archive</formatName>
                      </externallyDefinedFormat>
                  </dataFormat>
                  <distribution>
                      <online>
                          <url function="download">http://api.gbif.org/v1/occurrence/download/request/0074675-160910150852091.zip</url>
                      </online>
                  </distribution>
              </physical>
        </gbif>
    </metadata>
</additionalMetadata>

</eml:eml>
